Uniprot	Protein	Prot
P00401	Q0045	2.87570397987007E-07
P00856	Q0080	1.43166307018449E-06
P00854	Q0085	4.50349627253844E-07
P00163	Q0105	3.51834868401743E-07
P61829	Q0130	2.11158878054946E-06
P00410	Q0250	6.2203483519611E-07
P00420	Q0275	4.73384127442153E-07
P31373	YAL012W	5.43768229536429E-06
P31382	YAL023C	1.066395675152E-06
P39524	YAL026C	1.39570017644874E-06
P39730	YAL035W	7.83699679865054E-06
P00549	YAL038W	4.66872179674552E-05
P06182	YAL039C	6.53451325072754E-07
P39726	YAL044C	2.3620105963751E-06
Q01574	YAL054C	2.94832698792761E-06
P39714	YAL060W	2.34559818477417E-06
P39713	YAL061W	1.25467874131237E-06
P39708	YAL062W	1.75912646553908E-06
P27616	YAR015W	3.17157283692715E-06
P80235	YAR035W	7.38674647901671E-07
P35842	YAR071W	3.3097707684758E-06
P32784	YBL011W	1.05061087714656E-06
P32785	YBL013W	5.29091332749759E-07
P32316	YBL015W	2.88332318529706E-06
P38066	YBL033C	7.04446108253252E-07
P28274	YBL039C	5.14554679028226E-06
P07256	YBL045C	4.62030295553911E-06
P34227	YBL064C	1.93787302943094E-06
P38063	YBL068W	1.76227046532025E-06
P09436	YBL076C	5.35796193162462E-06
P33893	YBL080C	4.85949692085421E-07
P38174	YBL091C	2.47974351298503E-06
P38169	YBL098W	8.4115127823368E-07
P07251	YBL099W	8.40550661130427E-06
P35172	YBR001C	2.8565479305006E-07
P35196	YBR002C	5.15908955665863E-07
P18900	YBR003W	7.87244497014825E-07
P38211	YBR004C	4.42046234791E-07
P38067	YBR006W	2.16932532441961E-06
P00817	YBR011C	1.08157796921928E-05
P08431	YBR018C	1.9393108313052E-06
P04397	YBR019C	1.41307931758734E-06
P04385	YBR020W	1.69004492823478E-06
P38218	YBR022W	4.0818629308807E-07
P29465	YBR023C	6.47684337497518E-07
P38071	YBR026C	1.1825495463962E-06
P38221	YBR029C	6.18576857442726E-07
P38074	YBR034C	2.95326302420423E-06
P38075	YBR035C	2.39243552903273E-06
P35206	YBR036C	5.62861750816091E-07
P14180	YBR038W	8.43347450334811E-07
P38077	YBR039W	4.21482758681394E-06
P38226	YBR042C	4.10546728403875E-07
P38230	YBR046C	1.50128739858531E-06
Q3E790	YBR058C-A	5.14558806868487E-07
P38242	YBR070C	6.52249997287549E-07
P09440	YBR084W	2.94306055397534E-06
P24031	YBR092C	3.61374844965433E-06
P00635	YBR093C	4.1252607914144E-06
P22219	YBR097W	3.15096944582587E-07
P16661	YBR110W	3.57171838295281E-07
Q01976	YBR111C	2.31030368995316E-06
P07702	YBR115C	2.55930779265502E-06
P33315	YBR117C	1.67650853533995E-06
P38088	YBR121C	8.30532586129985E-06
Q00764	YBR126C	2.38985366498245E-06
P16140	YBR127C	7.57743975760245E-06
P38113	YBR145W	2.34945519996341E-06
P38115	YBR149W	2.33701627686117E-06
P33312	YBR153W	4.60973725329092E-07
P38286	YBR159W	2.02267612542624E-06
P38287	YBR161W	2.72383725836743E-07
P20049	YBR166C	7.12549035926575E-07
P38122	YBR176W	5.21828816846146E-07
P38298	YBR183W	4.4491714279734E-07
P12709	YBR196C	1.55406706211756E-05
P38131	YBR199W	3.48792387276258E-07
P38139	YBR204C	3.69053580581016E-07
P38130	YBR205W	7.24770174698444E-07
P32528	YBR208C	2.16111385313292E-06
P15807	YBR213W	6.76920397793777E-07
P32327	YBR218C	6.32128716344191E-06
P32473	YBR221C	4.93733484042511E-06
P38137	YBR222C	1.54205604333324E-06
P38138	YBR229C	6.38961333611688E-07
P07286	YBR243C	4.47515558672213E-07
P38143	YBR244W	1.22453815046005E-06
P33734	YBR248C	1.46535746390842E-06
P32449	YBR249C	8.95832004803645E-06
P33317	YBR252W	2.07189752102713E-06
P38145	YBR256C	8.67215639895957E-07
P37292	YBR263W	4.42399553785592E-06
P38342	YBR265W	9.02585729617771E-07
P38149	YBR281C	6.53436632926919E-07
P38360	YBR295W	3.93872447537311E-07
P38158	YBR299W	1.37091048076077E-06
P25578	YCL004W	3.50619790730225E-07
P25605	YCL009C	2.51207740478725E-06
P25374	YCL017C	2.49777201860875E-06
P04173	YCL018W	8.09633991009738E-06
P00815	YCL030C	5.54559228432154E-06
P25373	YCL035C	2.51082628278036E-06
P17709	YCL040W	2.1822023805972E-06
P25576	YCL047C	5.50046481999567E-07
P16550	YCL050C	3.86057151701308E-06
P25580	YCL052C	4.53024292132633E-07
P25379	YCL064C	1.07233948651149E-06
P08679	YCR005C	2.02492767925368E-06
P00560	YCR012W	2.71310804659935E-05
P25345	YCR024C	3.95187253295915E-07
P32903	YCR024C-A	8.0327679003071E-06
P25358	YCR034W	1.26655471523369E-06
P25332	YCR036W	1.25696370585999E-06
P25628	YCR048W	4.17832781635083E-07
P16120	YCR053W	7.65550512382393E-06
P25641	YCR068W	3.96069043690042E-07
P25372	YCR083W	8.88896362522119E-07
P25377	YCR105W	1.25084606677966E-06
P25612	YCR107W	5.10193841113741E-07
Q12165	YDL004W	2.52504978953645E-06
Q99190	YDL015C	1.20219085341575E-06
Q00055	YDL022W	6.6912842476838E-06
P52290	YDL024C	3.59356609254696E-07
P12945	YDL040C	1.44819846360224E-06
P06700	YDL042C	5.41113451131186E-07
P38913	YDL045C	4.72245302955796E-07
P33333	YDL052C	1.66601920953596E-06
P41940	YDL055C	1.0791565856057E-05
P21954	YDL066W	4.18532521155082E-06
P07255	YDL067C	2.66160176930472E-06
P32419	YDL078C	1.3302161384139E-06
Q07471	YDL080C	2.21186019893078E-07
Q07500	YDL085W	1.07778259753698E-06
P22007	YDL090C	3.14251760170076E-07
P52867	YDL093W	4.02147566021542E-07
P33775	YDL095W	1.23932709988425E-06
Q12154	YDL100C	3.31413553456647E-06
P43123	YDL103C	1.38720560640164E-06
Q07540	YDL120W	6.63872326015546E-07
Q12122	YDL131W	5.13779327717262E-06
P48445	YDL141W	4.60968793552282E-07
Q07560	YDL142C	3.1327518947906E-07
Q12055	YDL166C	9.62655893312493E-07
P32771	YDL168W	2.3719498480357E-06
Q12680	YDL171C	4.73082174860115E-06
P32891	YDL174C	2.1096459740731E-06
P46681	YDL178W	2.02451105727465E-06
P48570	YDL182W	4.88215395836665E-06
P17255	YDL185W	4.2997256930457E-06
P28789	YDL205C	1.69243816586798E-06
P33327	YDL215C	2.2485414797695E-06
Q07648	YDL219W	2.36685936104118E-06
P19881	YDL236W	1.93552572805249E-06
Q07729	YDL238C	4.22935106860703E-07
Q07747	YDL243C	1.12610278165786E-06
Q07786	YDL246C	2.00168247484543E-06
P32356	YDR001C	8.623963249869E-07
P00912	YDR007W	1.01262473536454E-06
P13045	YDR009W	5.84596410560591E-07
Q12494	YDR017C	5.60791458955998E-07
P48015	YDR019C	1.29427425690818E-06
Q12084	YDR020C	4.62430474681656E-07
P07284	YDR023W	6.187844798431E-06
P14843	YDR035W	3.31101354023937E-06
P28817	YDR036C	1.59338620233513E-06
P15180	YDR037W	6.81715060145736E-06
Q12691	YDR038C	1.33071898954596E-06
Q01896	YDR039C	1.38399725933367E-06
P13587	YDR040C	1.44982974243168E-06
P11353	YDR044W	5.35097226517843E-06
P32347	YDR047W	1.10353603719922E-06
P00942	YDR050C	2.09303212194964E-05
Q99288	YDR051C	7.15543646959729E-07
P54857	YDR058C	2.82659764974177E-07
P40970	YDR062W	1.23016693098526E-06
Q12447	YDR071C	2.24035773350153E-06
P38954	YDR072C	2.54436014462078E-07
P31688	YDR074W	2.20192475682794E-06
Q12675	YDR093W	7.67556163222122E-07
Q03835	YDR098C	1.85744815280288E-06
P52892	YDR111C	1.40171901399755E-06
P08566	YDR127W	3.72075758760839E-06
P39109	YDR135C	5.01913520497478E-07
Q03764	YDR147W	2.61646698324831E-07
P19262	YDR148C	3.25098553940476E-06
P13663	YDR158W	7.11378508577399E-06
P07250	YDR173C	3.92934726372919E-07
P37298	YDR178W	9.74391482257259E-07
P53688	YDR191W	4.83720692136499E-07
Q03941	YDR196C	6.76691109641123E-07
O13525	YDR204W	5.77387595666561E-07
P38994	YDR208W	5.10451860982706E-07
P07170	YDR226W	8.67365390761158E-06
Q04935	YDR231C	6.18415291841436E-07
P09950	YDR232W	2.554986309567E-06
P49367	YDR234W	2.40866367811538E-06
Q03778	YDR236C	5.47772126685825E-07
P22580	YDR242W	3.56058618450855E-07
Q03786	YDR248C	9.88160536262421E-07
P15202	YDR256C	8.16157747138276E-07
P52911	YDR261C	5.41629560902481E-07
P04803	YDR268W	8.69573956621681E-07
P38995	YDR270W	4.76308592516129E-07
Q05584	YDR272W	6.99521119731357E-07
Q05521	YDR284C	7.89348620168389E-07
Q05533	YDR287W	5.94829337788107E-07
Q05567	YDR294C	9.62958624132354E-07
P38992	YDR297W	1.47444526796808E-06
P09457	YDR298C	3.25813105124565E-06
P32264	YDR300C	2.31847319992439E-06
Q06636	YDR302W	6.61216902232971E-07
P49775	YDR305C	8.61386346503681E-07
Q06667	YDR315C	2.24022615121953E-07
P38986	YDR321W	1.55366805355134E-06
P81449	YDR322C-A	2.03302465863725E-06
Q05506	YDR341C	4.13627380869071E-06
P29509	YDR353W	3.32542043088822E-06
P07285	YDR354W	1.10876077064216E-06
Q06346	YDR367W	6.13593758711274E-07
Q12458	YDR368W	2.29431774090054E-06
Q06350	YDR371W	2.78887419238178E-07
Q06389	YDR373W	8.55355535648642E-07
P48360	YDR376W	4.47951874667405E-07
Q06405	YDR377W	2.30931468761426E-06
Q06408	YDR380W	5.49032385023144E-07
Q04178	YDR399W	3.28905012340576E-06
Q04179	YDR400W	5.19684812602048E-07
P21595	YDR402C	4.17483748591568E-07
P21623	YDR403W	5.72127538595487E-07
P04161	YDR408C	1.43730103013674E-06
P32584	YDR410C	4.3741893554881E-07
Q04066	YDR428C	7.63523584322761E-07
Q04082	YDR437W	6.5899427361937E-07
Q04089	YDR440W	3.16327255509392E-07
P36973	YDR441C	1.33613495245967E-06
Q04119	YDR452W	4.69525048666559E-07
Q04120	YDR453C	3.22616840700115E-06
P15454	YDR454C	4.37427778670081E-06
P11491	YDR481C	1.65741196512692E-06
P27809	YDR483W	2.42773794131747E-06
Q99258	YDR487C	1.88475275673721E-06
P19358	YDR502C	9.64108023535149E-06
Q04396	YDR503C	3.61703646147528E-07
P17695	YDR513W	2.17687267668353E-06
Q04409	YDR516C	1.57114645972191E-06
P00128	YDR529C	2.31376842877207E-06
P22108	YDR530C	1.05211537646465E-06
Q04430	YDR531W	3.58497214385611E-07
Q04432	YDR533C	2.41651859337962E-06
P33751	YDR538W	8.49103229943584E-07
Q03034	YDR539W	1.35043571305687E-06
P40975	YEL017C-A	6.25951453237303E-06
P03962	YEL021W	2.36963718335366E-06
P08067	YEL024W	1.95822983619344E-06
P25515	YEL027W	3.85855626967038E-06
P39988	YEL029C	5.60767346769888E-07
P39986	YEL031W	3.25725840101645E-06
P32626	YEL038W	1.09081835166658E-06
P00045	YEL039C	1.59218056093201E-06
P32622	YEL041W	2.61049548089504E-07
P32621	YEL042W	2.05880192478263E-06
P37303	YEL046C	3.70196461331309E-06
P32614	YEL047C	2.94450743035082E-06
P32610	YEL051W	5.1883619473279E-06
P38628	YEL058W	1.4508957641268E-06
P39979	YEL066W	1.06230270036006E-06
P0CX08	YEL070W	3.16932955648191E-06
P39976	YEL071W	2.8314006092088E-06
P29952	YER003C	3.52556901118613E-06
P40009	YER005W	1.6806313325419E-07
P40011	YER010C	6.30014085579566E-07
P40012	YER014W	4.52758001456768E-07
P39518	YER015W	1.05034857376267E-06
P40015	YER019W	8.19742514837562E-07
P32263	YER023W	2.45896742938737E-06
P40017	YER024W	7.41381631054548E-07
P08456	YER026C	1.01846570764291E-06
P40025	YER037W	6.12546984042435E-07
P40029	YER042W	8.16759098855454E-07
P39954	YER043C	1.13973889304814E-05
P10869	YER052C	2.95042357491182E-06
P00498	YER055C	1.92121418951425E-06
P39525	YER061C	4.78332989026268E-07
P40106	YER062C	3.48551407018512E-06
P28240	YER065C	2.96795277550305E-06
Q01217	YER069W	2.14108298897145E-06
P21524	YER070W	4.32637675167322E-06
P40047	YER073W	2.09822655869101E-06
P40054	YER081W	4.99992629669907E-06
P00927	YER086W	4.23488360197954E-06
P39965	YER087W	2.84134663005142E-07
P00899	YER090W	2.94796363724281E-06
P05694	YER091C	2.13502977703064E-05
P38620	YER099C	9.11601967807902E-07
P40086	YER141W	8.9160527437129E-07
P10356	YER152C	6.89509792003838E-07
P32656	YER163C	5.75681232639806E-07
P26364	YER170W	5.97344790487511E-07
P32642	YER174C	9.91677776571673E-07
P32643	YER175C	9.05248827770455E-07
P16387	YER178W	2.94158960352023E-06
P40099	YER183C	5.28930981946131E-07
P31115	YFL001W	4.9706976041766E-07
P43577	YFL017C	6.24305486092747E-07
P09624	YFL018C	4.11478376556906E-06
P15625	YFL022C	5.22286649284606E-06
P43567	YFL030W	7.03823507835602E-07
P07283	YFL045C	6.16345241737919E-06
P43550	YFL053W	1.65994923446208E-06
P43545	YFL059W	2.77016003569112E-06
P43544	YFL060C	7.16077576306265E-07
P0CH63	YFL061W	6.55921750867462E-07
P23337	YFR015C	1.80286578789003E-06
P34756	YFR019W	3.1297386632686E-07
P38635	YFR025C	6.3075431824382E-07
P39692	YFR030W	5.33975739721416E-06
P00127	YFR033C	2.1995357014568E-06
P43616	YFR044C	3.30554348601592E-06
P43619	YFR047C	1.6672364214122E-06
P04806	YFR053C	8.28439395848496E-06
P43623	YFR055W	8.84167274907E-07
P53199	YGL001C	1.84254503391387E-06
P38929	YGL006W	9.05657801166516E-07
P05030	YGL008C	2.24699734722502E-05
P07264	YGL009C	5.76030701161079E-06
P25340	YGL012W	1.06372000712949E-06
P16639	YGL017W	2.73233355055473E-07
P39007	YGL022W	1.05041756681811E-06
P00931	YGL026C	5.45487456786934E-06
P53008	YGL027C	4.31600499557551E-07
P53184	YGL037C	3.47210090175176E-06
P31755	YGL038C	5.34386774611844E-07
P05373	YGL040C	1.62170236428292E-06
P53178	YGL047W	5.73050329365242E-07
P21147	YGL055W	5.37957588494764E-06
P11154	YGL062W	5.02272664301974E-06
P53167	YGL063W	4.87039385474806E-07
P43636	YGL065C	1.01092660079089E-06
P53164	YGL067W	4.29589344770373E-07
P27697	YGL119W	6.21260259670239E-07
P53128	YGL125W	1.84541637124122E-06
P30777	YGL142C	2.38482561059371E-07
P28777	YGL148W	4.44961617296206E-06
P50113	YGL154C	6.08660324656512E-07
P22855	YGL156W	4.73764856406368E-07
P13586	YGL167C	1.57627714540422E-06
P32579	YGL169W	5.26483738315497E-07
P53101	YGL184C	5.45966154205353E-07
P04037	YGL187C	2.93204995668224E-06
P32799	YGL191W	2.16622972818761E-06
P53095	YGL196W	5.43646330434585E-07
P53090	YGL202W	2.80284228264236E-06
P13711	YGL205W	1.11686220319611E-06
P53078	YGL224C	9.26902375571854E-07
P07244	YGL234W	3.98113117792114E-06
P46655	YGL245W	8.00081639564786E-06
P22434	YGL248W	3.67096427087482E-07
P04807	YGL253W	1.39734917201539E-05
P10127	YGL256W	9.29285305263901E-06
P33412	YGR007W	6.12641360524303E-07
P53204	YGR010W	5.368061983074E-07
P53206	YGR012W	1.15380199255516E-06
P17649	YGR019W	4.14203485430768E-06
P39111	YGR020C	3.65201730077043E-06
P40989	YGR032W	8.19022116159856E-07
P53223	YGR036C	5.01627852622814E-07
P53228	YGR043C	2.39036277981718E-06
P53230	YGR046W	2.98402153247968E-07
P53045	YGR060W	3.8722511030524E-06
P38972	YGR061C	3.63192710135195E-06
P53239	YGR062C	4.88618741929785E-07
P26263	YGR087C	2.41408599320172E-06
P06115	YGR088W	2.6262164630186E-06
P07806	YGR094W	6.32498336217303E-06
P53264	YGR110W	3.17496109889522E-07
P49090	YGR124W	4.11365398743409E-06
P32318	YGR144W	2.80153303847833E-06
P37293	YGR147C	4.8502604849061E-07
P48239	YGR154C	8.00265057975902E-07
P32582	YGR155W	6.66659515794464E-06
P05374	YGR157W	4.66406993979484E-07
P53037	YGR170W	2.47616910266032E-07
P22438	YGR171C	2.98589258487512E-07
P32476	YGR175C	5.11231600839742E-06
P53296	YGR177C	7.16237055287533E-07
P49723	YGR180C	5.48132611994617E-06
P22289	YGR183C	5.95766966061195E-07
P36421	YGR185C	4.46914733069607E-06
P00359	YGR192C	2.81235262362076E-05
P16451	YGR193C	1.69694442158248E-06
P42826	YGR194C	5.65399678263347E-07
P13259	YGR202C	7.05546007214069E-07
P07245	YGR204W	4.8924207297924E-06
P42941	YGR208W	2.38454681917507E-06
P22803	YGR209C	4.01096067717691E-06
P53306	YGR216C	2.33935531763406E-07
P50076	YGR227W	2.70382440947879E-07
P39676	YGR234W	3.26540128648073E-06
P16861	YGR240C	8.96886912126633E-06
P53312	YGR244C	2.09872453180411E-06
P53314	YGR247W	6.17646113361767E-07
P53315	YGR248W	7.13226982434049E-07
P00924	YGR254W	4.2131408554985E-05
P53318	YGR255C	8.12700062832865E-07
P53319	YGR256W	1.72528951742734E-06
P00958	YGR264C	4.25539035114319E-06
P51601	YGR267C	1.92956044238951E-06
P53332	YGR277C	4.45238004206043E-07
P15703	YGR282C	2.71420574092843E-06
P32451	YGR286C	2.28031826802808E-06
P53051	YGR287C	1.90940309994994E-06
P53341	YGR292W	1.37895875149145E-06
P38703	YHL003C	4.73039071368598E-07
P38689	YHL011C	2.10673839661579E-06
P38709	YHL012W	2.30651905236726E-07
P38744	YHL018W	5.87813711420822E-07
P32190	YHL032C	6.43837836007224E-07
P37299	YHR001W-A	1.17451436982138E-06
P10614	YHR007C	6.78727230707229E-06
P00447	YHR008C	2.59661872891426E-06
P38705	YHR011W	3.81142730163344E-07
P07347	YHR013C	1.51464668737148E-06
P04076	YHR018C	2.68469759655168E-06
P38707	YHR019C	6.67170759519887E-06
P38708	YHR020W	5.89093174690348E-06
P17423	YHR025W	2.47444794845088E-06
P23968	YHR026W	1.27934729195236E-06
P07275	YHR037W	1.42317615665959E-06
P48836	YHR039C-A	5.61295655452685E-06
P16603	YHR042W	3.19498027849148E-06
P38773	YHR043C	1.62815188779872E-06
P38774	YHR044C	1.86659958757571E-06
P38710	YHR046C	6.14449814556847E-07
P00427	YHR051W	3.376356173165E-06
P38787	YHR063C	1.56128361834851E-06
P38790	YHR067W	3.45671697715369E-07
P38791	YHR068W	5.90030833201169E-06
P38604	YHR072W	4.42179249768876E-07
P38795	YHR074W	8.56632984432425E-07
P38714	YHR091C	2.3829271172748E-07
P38812	YHR100C	6.82245067402708E-07
P38715	YHR104W	1.76528934422431E-06
P38816	YHR106W	1.19292617737224E-06
P38818	YHR109W	2.61625526321687E-07
P38824	YHR116W	5.92226556869654E-07
P38827	YHR119W	5.7021659279397E-07
P22140	YHR123W	3.5025884014782E-07
P18562	YHR128W	4.57928332380691E-06
P38840	YHR137W	9.96548093899197E-07
P06773	YHR144C	3.90821293355224E-07
P38858	YHR163W	1.98084313108455E-06
P00925	YHR174W	4.5374298297845E-05
P38720	YHR183W	1.09033010568479E-05
P29704	YHR190W	3.83270026056145E-06
P38698	YHR201C	8.802178875816E-07
P38891	YHR208W	3.10769609527478E-06
P38693	YHR215W	3.27292912466742E-06
P38697	YHR216W	3.26786298751123E-06
P40559	YIL002C	2.45402563587479E-07
P39002	YIL009W	1.70661312236994E-06
P40553	YIL010W	1.38271708301514E-06
P40545	YIL020C	9.60180952718624E-07
P38626	YIL043C	1.81253309506875E-06
P40527	YIL048W	9.10722884207381E-07
P41277	YIL053W	1.4178265416003E-05
P21672	YIL066C	3.87712406588373E-06
P40510	YIL074C	2.87241731486929E-06
P04801	YIL078W	5.39782187388167E-06
P40506	YIL083C	1.17434516680474E-06
P40495	YIL094C	5.16592935654129E-06
P08019	YIL099W	4.17525079925288E-07
P40433	YIL107C	5.66834607331826E-07
P00425	YIL111W	7.06791181805849E-07
P07172	YIL116W	1.97077723802443E-06
P40471	YIL124W	1.67463088541207E-06
P20967	YIL125W	2.82148506937203E-06
P40459	YIL145C	7.38850760906127E-07
P32191	YIL155C	1.92263883261807E-06
P27796	YIL160C	1.52666703965539E-06
P00724	YIL162W	2.35816995191168E-06
P0CW40	YIL172C	1.92053638842099E-06
P32375	YIR027C	6.54753995551263E-07
P25335	YIR029W	1.11273963881179E-06
P21826	YIR031C	1.4934996630597E-06
P32459	YIR032C	7.08088310717349E-07
P38998	YIR034C	1.93714209448145E-06
P40580	YIR036C	8.56097742324981E-07
P40581	YIR037W	2.25672075529469E-06
P40582	YIR038C	3.04996470136738E-06
P47081	YJL003W	8.33984968092776E-07
P08678	YJL005W	3.30007685722526E-07
P09938	YJL026W	6.1420729256691E-06
P47052	YJL045W	1.49723200188864E-06
P47051	YJL046W	2.69110265950214E-07
P00360	YJL052W	2.21568475534517E-05
P47039	YJL060W	1.7736138849463E-06
P40363	YJL068C	1.63404950961389E-06
P40360	YJL071W	4.01680485899298E-07
P05150	YJL088W	1.69123150201747E-06
P47026	YJL091C	3.80069302415302E-07
P40857	YJL097W	1.41791619705995E-06
P42951	YJL100W	2.55293178245876E-07
P32477	YJL101C	4.54359718610239E-07
P46969	YJL121C	1.99405510213313E-06
P47016	YJL126W	4.21275774380894E-07
P07259	YJL130C	6.46289572851057E-06
P47013	YJL134W	2.6567840724066E-07
P47011	YJL137C	5.21423772939258E-07
P26725	YJL139C	2.5573524781958E-07
P11986	YJL153C	1.48250773236262E-06
P32604	YJL155C	5.6406459645289E-07
P08525	YJL166W	1.65761581553914E-06
P08524	YJL167W	4.51957880691261E-06
P46995	YJL168C	5.18521337004663E-07
P39540	YJL196C	4.24952762291846E-07
P39533	YJL200C	2.50083319704687E-06
P40884	YJL216C	1.34377536225663E-06
P0CW41	YJL221C	1.92053638842099E-06
P00358	YJR009C	2.87700162609951E-05
P08536	YJR010W	4.13351800779586E-06
P47088	YJR013W	2.80657382774831E-07
P39522	YJR016C	6.06715683599715E-06
P41903	YJR019C	7.88067359537802E-07
P47095	YJR024C	6.40358798359184E-07
P47096	YJR025C	9.86148969612617E-07
P00044	YJR048W	4.75675192293332E-06
P21373	YJR049C	3.97605848438415E-07
P21375	YJR051W	1.43984902049027E-06
P00572	YJR057W	6.49409665401515E-07
P47119	YJR069C	1.448085664908E-06
P05375	YJR073C	1.54854448844832E-06
P47125	YJR078W	4.15655799750174E-07
P38627	YJR103W	1.00855192115656E-06
P00445	YJR104C	4.95640919336096E-06
P47143	YJR105W	4.61665129056883E-06
P03965	YJR109C	4.45434957973307E-06
P47147	YJR110W	3.57384227428009E-07
P00830	YJR121W	8.62331531422123E-06
P47164	YJR130C	3.3317378684202E-07
P32906	YJR131W	3.77582722171024E-07
P47165	YJR133W	2.5722996043327E-06
P47169	YJR137C	4.06407948958258E-06
P31116	YJR139C	5.70312346495136E-06
P46971	YJR143C	9.44820068441996E-07
P47176	YJR148W	1.42058391891621E-06
P47177	YJR149W	6.67357225498852E-07
P47180	YJR153W	6.660880935141E-07
P47182	YJR155W	5.92769772258388E-07
P35497	YJR159W	1.98031719259968E-06
Q02196	YKL001C	3.2209877397231E-06
P36107	YKL004W	5.2036342655192E-07
P28496	YKL008C	7.23348388598643E-07
P30902	YKL016C	2.232798622973E-06
P29703	YKL019W	6.76245949440995E-07
P15700	YKL024C	2.04559255142481E-06
P36014	YKL026C	6.89129385316519E-07
P36013	YKL029C	3.04184523677439E-06
P32861	YKL035W	4.55653175679326E-06
P35731	YKL055C	5.12724627184595E-07
P14540	YKL060C	2.9539630191665E-05
P36010	YKL067W	2.87870520609565E-06
P36088	YKL069W	1.61123006275824E-06
P31412	YKL080W	2.54521892097018E-06
P17505	YKL085W	5.24031703601785E-06
Q00873	YKL087C	5.58157966959448E-07
P36076	YKL088W	7.86760686671835E-07
P28321	YKL094W	6.47545576474845E-07
P14904	YKL103C	1.83660513697405E-06
P14742	YKL104C	3.51324961019019E-06
Q01802	YKL106W	4.29561017071474E-07
P33401	YKL127W	1.76607010789996E-06
P36001	YKL132C	2.24520344049803E-07
P34163	YKL140W	7.13939482413237E-07
P33421	YKL141W	1.65670311352253E-06
Q00711	YKL148C	2.60297911374831E-06
P36060	YKL150W	3.04034839162686E-06
P00950	YKL152C	1.96654877021659E-05
P36051	YKL165C	5.00987101737419E-07
P32895	YKL181W	3.04705423284298E-06
P07149	YKL182W	8.33815934617905E-06
P08432	YKL184W	1.57498362491616E-06
P32463	YKL192C	1.4741220234258E-06
P07236	YKL194C	8.95406977745041E-07
P00937	YKL211C	1.74554116534275E-06
P32368	YKL212W	2.02618221427257E-06
P28273	YKL215C	5.09116270461742E-07
P28272	YKL216W	2.43540678943824E-06
P36007	YKL218C	5.02031620490658E-07
P36033	YKL220C	2.71310205509629E-07
Q02207	YKR009C	1.11516024160556E-06
P36126	YKR031C	3.08689216258138E-07
P36136	YKR043C	2.31119346459187E-06
P23501	YKR053C	3.83988885932021E-07
P36143	YKR058W	8.14198022361396E-07
P33550	YKR061W	2.77741165701103E-07
P00431	YKR066C	1.98010364283057E-06
P36148	YKR067W	1.21220694199886E-06
P36150	YKR069W	4.30743763613418E-07
P36024	YKR072C	8.00708738482613E-07
P36156	YKR076W	1.38910866386019E-06
Q02046	YKR080W	1.66449026115717E-06
P36165	YKR089C	3.1897491062647E-07
P10963	YKR097W	3.51995811269754E-06
P54861	YLL001W	1.41256780870469E-06
Q07804	YLL012W	8.60140459110577E-07
P14772	YLL015W	4.58924193768482E-07
P04802	YLL018C	6.24842139041288E-06
Q3E731	YLL018C-A	8.07921778124502E-07
Q07830	YLL031C	4.60454434517983E-07
P21801	YLL041C	1.79733994274661E-06
Q12473	YLL051C	1.73482378149586E-07
Q12358	YLL057C	1.69180041335946E-06
Q12198	YLL058W	3.19820075207707E-07
Q12390	YLL060C	5.87123594598447E-07
Q12525	YLL062C	5.22536005876846E-07
Q07923	YLR011W	3.62806648706511E-07
Q07938	YLR017W	1.36948801805414E-06
Q07950	YLR020C	4.33380912333129E-07
P23542	YLR027C	2.3911757942661E-06
P54113	YLR028C	1.8602576711868E-06
Q01519	YLR038C	2.8822816895633E-06
P22217	YLR043C	7.02146681376456E-06
P06169	YLR044C	4.50787199435884E-05
Q12209	YLR047C	2.99210891947497E-07
P32353	YLR056W	1.77086686212142E-06
Q12205	YLR057W	3.29668487394927E-07
P37291	YLR058C	1.35902629229803E-05
P15624	YLR060W	5.51265585987967E-06
Q07993	YLR070C	5.25439976492234E-07
P52893	YLR089C	2.56761214972059E-06
Q12385	YLR099C	5.81790881595716E-07
Q12452	YLR100W	7.67537552886676E-07
P38013	YLR109W	5.04276479523244E-06
P20485	YLR133W	9.28193850227114E-07
P16467	YLR134W	1.99685699439478E-05
P09368	YLR142W	1.49577338886381E-06
Q12429	YLR143W	5.56521079574599E-07
Q12455	YLR146C	7.92729997729072E-07
Q12524	YLR151C	2.24465079941285E-07
P52910	YLR153C	5.15178904250943E-06
P0CZ17	YLR155C	1.50633941171916E-06
P0CX77	YLR157C	1.50633941171916E-06
P0CX78	YLR158C	1.50633941171916E-06
P0CX79	YLR160C	1.50633941171916E-06
Q06236	YLR164W	7.57659844983311E-07
P32469	YLR172C	2.51092801050837E-06
P41939	YLR174W	1.70489300130668E-06
P10659	YLR180W	6.4852387265981E-06
Q06321	YLR189C	3.89780755536863E-07
Q05779	YLR201C	1.27116901479394E-06
Q05788	YLR209C	8.22514462648791E-07
P32791	YLR214W	2.86246395159348E-07
Q05979	YLR231C	8.86294888995162E-07
Q06005	YLR239C	3.71228561364608E-07
P22543	YLR240W	4.10338501729142E-07
Q01662	YLR244C	2.55266445798831E-06
Q06549	YLR245C	6.02218478789667E-07
P27472	YLR258W	1.28070502754008E-06
Q06147	YLR260W	3.58500942935548E-07
Q05871	YLR284C	4.92697263532017E-07
Q05874	YLR285W	1.12866371680939E-06
P29029	YLR286C	1.01308465631869E-06
Q12349	YLR295C	2.73722270045009E-06
Q05902	YLR299W	3.67612387699584E-07
P23776	YLR300W	3.27126587947055E-06
P06106	YLR303W	7.7705378142645E-06
P19414	YLR304C	9.62314179732597E-06
P37297	YLR305C	5.73465311361061E-07
Q06702	YLR307W	3.8785075669968E-07
Q06703	YLR308W	4.61495326475164E-07
Q06178	YLR328W	2.27423017452569E-06
P38631	YLR342W	1.85707187382172E-06
Q06137	YLR345W	3.39491098937669E-07
P49954	YLR351C	6.34802356993814E-07
P15019	YLR354C	1.30731402480832E-05
P06168	YLR355C	1.91303324704345E-05
Q05911	YLR359W	4.57432844034474E-06
P40319	YLR372W	2.34399119333949E-06
P09201	YLR377C	1.50757523847705E-06
P11325	YLR382C	2.63289393425023E-07
Q06708	YLR386W	5.24497643706456E-07
P04039	YLR395C	1.49963399606971E-06
Q06685	YLR410W	8.64860411693464E-07
P20051	YLR420W	1.28069323376965E-06
P50095	YLR432W	6.8554689615425E-06
P07991	YLR438W	3.08037148051991E-06
Q06204	YLR446W	2.57563894862016E-07
P32366	YLR447C	2.13264341996886E-06
P12684	YLR450W	7.1723321361544E-07
P50107	YML004C	1.19405767360726E-06
P25087	YML008C	4.63146174617186E-06
P49435	YML022W	2.87171855808131E-06
P15274	YML035C	1.55833270048482E-06
P32796	YML042W	9.59123106463752E-07
P00175	YML054C	3.00687751797254E-06
P50094	YML056C	6.43580941796997E-06
Q04958	YML059C	7.89770892408478E-07
P54838	YML070W	3.28675719992093E-06
P12683	YML075C	1.44767821729584E-06
P81450	YML081C-A	1.55840834930419E-06
Q04533	YML082W	3.23488018629609E-07
P54783	YML086C	1.06306576872844E-06
P38427	YML100W	1.63265488490048E-06
P13298	YML106W	3.11885339495563E-06
P49017	YML110C	1.53361548671403E-06
P32340	YML120C	2.67402081342797E-06
Q12746	YML125C	2.6676581880809E-06
P54839	YML126C	5.80591403001441E-06
Q03674	YMR006C	9.99478075073538E-07
P39105	YMR008C	1.42071044257573E-06
Q03677	YMR009W	1.29729371815904E-06
P20048	YMR013C	2.72690594694884E-07
P54781	YMR015C	3.71175929003408E-06
P50264	YMR020W	3.98860213698512E-07
Q04212	YMR041C	1.07749579883925E-06
P37296	YMR054W	7.17292285024037E-07
P38993	YMR058W	1.6816444235428E-06
Q04728	YMR062C	1.5705703515416E-06
P07246	YMR083W	4.26985641920411E-06
A2P2R3	YMR084W	8.49662724301082E-07
Q04299	YMR087W	3.20728737998202E-07
Q03161	YMR099C	3.00399320252101E-06
Q03175	YMR101C	3.26322520292645E-07
P37012	YMR105C	4.5024793115212E-06
P07342	YMR108W	3.45413744944596E-06
Q04458	YMR110C	5.72706212336458E-07
Q12676	YMR113W	3.71845404126355E-07
P38009	YMR120C	5.9873112210129E-06
P40215	YMR145C	3.12294117178444E-06
Q12674	YMR162C	3.40073579350337E-07
P32567	YMR165C	5.02434873322255E-07
P54114	YMR169C	1.56067407409463E-06
P47771	YMR170C	1.44615820652312E-06
P49095	YMR189W	1.5862551721865E-06
P32352	YMR202W	3.15815479440995E-06
P16862	YMR205C	9.59246734209803E-06
P32874	YMR207C	2.61895047613555E-07
P07277	YMR208W	1.35312904308112E-06
Q03649	YMR210W	4.34879531144054E-07
P38625	YMR217W	8.11274985191867E-06
P24521	YMR220W	9.01830562032978E-07
Q05016	YMR226C	2.96689543194791E-06
P47912	YMR246W	2.88511379743263E-06
Q04792	YMR250W	1.43261870724573E-06
Q04806	YMR251W	3.87719665474177E-07
P10174	YMR256C	1.87566220118716E-06
P38426	YMR261C	1.66224399924587E-06
P28239	YMR267W	5.45460272447208E-07
P30402	YMR271C	1.23251499255269E-06
Q03529	YMR272C	1.80077475710961E-06
Q03262	YMR278W	6.74400781966691E-07
P23797	YMR281W	5.79771260869517E-07
Q03266	YMR289W	2.67531337569167E-07
Q03557	YMR293C	3.73229012335805E-07
P25045	YMR296C	1.72302732318467E-06
Q03579	YMR298W	1.23627415636452E-06
P04046	YMR300C	2.84676595146724E-06
P00331	YMR303C	6.91635255358681E-06
Q04952	YMR306W	1.45425747278861E-07
P40308	YMR313C	1.8574166709239E-07
Q04894	YMR318C	3.26157374442246E-06
P40988	YMR319C	8.59978368008904E-07
Q04902	YMR322C	1.15749179669223E-06
P42222	YMR323W	1.63778580929838E-06
P53982	YNL009W	4.6631730070287E-07
P53966	YNL029C	2.47834743589012E-07
P53615	YNL036W	1.58329483329957E-06
P28834	YNL037C	3.2655695833027E-06
P53961	YNL038W	2.61987310250298E-07
Q10740	YNL045W	1.63164762767644E-06
P53954	YNL048W	3.90712126959097E-07
P12695	YNL071W	2.85367239187496E-06
P32048	YNL073W	4.2452452645273E-07
P53934	YNL092W	3.48909170473702E-07
P06208	YNL104C	4.32406121122787E-06
P50942	YNL106C	4.23158028162489E-07
P30952	YNL117W	2.05426028941864E-06
P53915	YNL129W	4.18265853789703E-07
P17898	YNL130C	4.46326555086969E-07
P53909	YNL141W	2.96590832280699E-06
P39006	YNL169C	3.91639355415385E-07
P53871	YNL191W	8.88285296158878E-07
P08004	YNL192W	3.98187133850614E-07
P32573	YNL202W	1.08982258807248E-06
P53868	YNL219C	4.45370638221457E-07
P80210	YNL220W	4.15951927354727E-06
P23202	YNL229C	4.66242503099157E-07
P11412	YNL241C	2.30305813743691E-06
P53852	YNL247W	2.81257938107347E-06
P53848	YNL256W	7.71909440533625E-07
P39104	YNL267W	7.15455912536011E-07
P53839	YNL274C	1.57267073507331E-06
P08465	YNL277W	1.1495940058109E-06
P32462	YNL280C	6.12386631892017E-07
P48567	YNL292W	1.08452712041147E-06
P32452	YNL316C	5.06845735477942E-07
P42837	YNL325C	3.77349897474398E-07
P42884	YNL331C	5.58657996610013E-07
P53824	YNL333W	2.71507865273647E-06
P53823	YNL334C	6.97676948062189E-07
P0CH64	YNL335W	6.87965008625849E-07
P00890	YNR001C	3.66845985275148E-06
P40345	YNR008W	2.50083828888854E-07
P27515	YNR012W	8.35234541544096E-07
Q00955	YNR016C	7.21777259473171E-06
P53629	YNR019W	6.7598201492872E-07
P53727	YNR027W	4.3788507378412E-07
P53730	YNR030W	1.12107650760262E-06
P37254	YNR033W	3.55461122678115E-07
P32378	YNR041C	4.22551705659619E-07
P32377	YNR043W	2.05092576592561E-06
P38999	YNR050C	5.56412028029997E-06
P53630	YNR057C	8.62116333588506E-07
P50277	YNR058W	8.03434818578363E-07
P53746	YNR060W	5.98955232419341E-07
P53753	YNR067C	8.04240152209749E-07
P0CX09	YNR073C	3.11989634348901E-06
Q08108	YOL011W	6.74341927989832E-07
P48525	YOL033W	4.30785324503106E-07
Q08220	YOL049W	1.01060136454732E-06
P21182	YOL052C	1.07872801386902E-06
Q08224	YOL055C	3.43764078889501E-06
P22768	YOL058W	6.7471976772444E-06
P41911	YOL059W	2.45388997947375E-06
Q12265	YOL061W	1.43768537007238E-06
P32179	YOL064C	2.19745032894491E-06
Q08227	YOL065C	2.76463111483161E-07
Q12362	YOL066C	4.43766474625083E-07
P53685	YOL068C	3.88567151564491E-07
Q08234	YOL075C	3.8319257586479E-07
P81451	YOL077W-A	2.12577275083755E-06
P00330	YOL086C	1.97185762727319E-05
P27680	YOL096C	5.3970043376787E-07
Q12109	YOL097C	3.90852578667737E-06
P22133	YOL126C	1.63910430522586E-06
Q12471	YOL136C	5.9471189650852E-07
P18544	YOL140W	2.22907083632544E-06
P50861	YOL143C	2.42994580301104E-06
Q12068	YOL151W	2.48311429799557E-06
Q12333	YOL152W	3.04776163801256E-07
Q08295	YOL157C	2.00688532619237E-06
Q08361	YOL165C	7.23832541811553E-07
Q12001	YOR002W	2.40142521393584E-07
P53687	YOR025W	4.2211696094096E-07
Q12320	YOR040W	5.50176893647735E-07
Q08438	YOR054C	6.50294630228118E-07
P07143	YOR065W	2.56092947249183E-06
P40351	YOR067C	4.02663379621315E-07
P06785	YOR074C	1.15198846539709E-06
Q12043	YOR081C	4.80541070693637E-07
Q12189	YOR095C	3.86866404285006E-06
P27810	YOR099W	1.38359302895133E-06
Q12166	YOR108W	3.1125335754014E-06
Q12271	YOR109W	6.43030766356896E-07
P14065	YOR120W	1.7243426228332E-06
P41735	YOR125C	1.66138099347769E-06
P41734	YOR126C	8.31055349979849E-07
P21264	YOR128C	1.80361231592892E-06
P28241	YOR136W	2.15919139993373E-06
P53598	YOR142W	2.91212725532918E-06
P35202	YOR143C	4.77094437145475E-07
Q04174	YOR149C	3.16916774601626E-07
Q99312	YOR155C	8.87294432051475E-07
Q99321	YOR163W	1.38583689819674E-06
P13188	YOR168W	3.17932210035865E-06
Q12246	YOR171C	7.14694145844029E-07
Q08548	YOR175C	6.60692357035805E-07
P16622	YOR176W	1.3143340355593E-06
Q08558	YOR180C	5.39841091854498E-07
P33330	YOR184W	4.34121130468011E-06
P32603	YOR190W	4.37963469413812E-07
P32875	YOR196C	8.31573469146831E-07
P06633	YOR202W	9.83863606238964E-07
P39683	YOR209C	1.71181838732592E-06
Q12283	YOR221C	5.13940676895966E-07
P07807	YOR236W	5.22933445096674E-07
Q08645	YOR241W	4.11750177226754E-07
Q08650	YOR245C	4.21619343004795E-07
Q08686	YOR251C	1.31240907360893E-06
P32563	YOR270C	2.66859992845158E-06
P06174	YOR278W	6.90196534382984E-07
Q12040	YOR283W	2.39436006391577E-06
Q12305	YOR285W	1.20331115275413E-06
Q08742	YOR286W	1.26101299133402E-06
P07258	YOR303W	1.80592101570049E-06
Q12382	YOR311C	6.83065898586924E-07
P30624	YOR317W	2.07960525619162E-06
P47190	YOR321W	3.29934173691026E-07
P54885	YOR323C	4.07320581640959E-06
P22203	YOR332W	3.42078939932358E-06
P40825	YOR335C	8.92876731042363E-06
P52489	YOR347C	8.4694767521707E-07
P06776	YOR360C	4.07408694372381E-07
P46367	YOR374W	3.82259105103922E-06
P07262	YOR375C	1.12719047179958E-05
P40353	YOR377W	2.29220158503025E-07
Q08905	YOR381W	3.10515125857865E-07
Q08908	YOR384W	2.02760823625325E-07
Q08911	YOR388C	2.64476969813894E-06
Q08914	YOR391C	1.05997676694524E-06
P0CX10	YOR393W	1.73088346682103E-06
P53686	YPL015C	9.63389004166579E-07
P46151	YPL023C	5.71506279452251E-07
P41338	YPL028W	7.69415251050173E-06
P19657	YPL036W	3.53777248775337E-06
P48526	YPL040C	2.65234078914554E-07
P54070	YPL053C	7.75050759676524E-07
P33300	YPL057C	4.22178044681593E-07
Q02784	YPL059W	7.81706224721107E-07
P54115	YPL061W	9.18130532828762E-06
Q12051	YPL069C	7.80632478498037E-07
P46961	YPL076W	4.46037624125064E-07
P05626	YPL078C	3.87978239149522E-06
Q02896	YPL087W	3.92446606519472E-07
Q02895	YPL088W	1.06287732342152E-06
P41921	YPL091W	2.69788806496375E-06
P62651	YPL096C-A	6.28412579777919E-07
P48527	YPL097W	2.90618325175685E-07
P15179	YPL104W	5.14490805418105E-07
Q02979	YPL110C	4.46993302370443E-07
P00812	YPL111W	2.56116248370836E-06
P15496	YPL117C	2.46767599941831E-06
P19516	YPL132W	7.82175982025399E-07
Q12036	YPL148C	4.71143191108808E-07
P26637	YPL160W	5.92645247755262E-06
P21592	YPL172C	2.00719764925707E-07
P32363	YPL175W	4.36261807827706E-07
Q06892	YPL188W	5.33927318261063E-07
Q08959	YPL206C	5.53238499576036E-07
Q12211	YPL212C	1.41654026594566E-06
P41835	YPL214C	1.29524100025654E-06
P40350	YPL227C	1.34418465069439E-06
P19097	YPL231W	1.12633945413636E-05
P32842	YPL234C	1.08522268401836E-06
Q12184	YPL252C	1.07190273059844E-06
Q08975	YPL258C	1.52510269686866E-06
P08417	YPL262W	3.49965774754093E-06
P32383	YPL268W	2.62033599401724E-07
P21306	YPL271W	1.45394119624336E-06
Q08985	YPL273W	1.51044621314767E-06
Q08992	YPL280W	1.01274951643171E-06
P0CX11	YPL281C	1.73088346682103E-06
P43635	YPR001W	3.64136557153229E-07
Q12428	YPR002W	6.03601740181726E-07
Q12031	YPR006C	5.06617118460439E-07
Q12233	YPR020W	9.79950552577996E-07
P48016	YPR026W	6.96390829580149E-07
P07263	YPR033C	4.80993675682942E-06
P32288	YPR035W	7.89963083214045E-06
P41807	YPR036W	1.9913533631034E-06
P08425	YPR047W	3.12497123386731E-07
P32178	YPR060C	2.31892921775452E-06
Q12178	YPR062W	1.69231487981647E-06
Q12074	YPR069C	3.91528584751361E-06
P23254	YPR074C	1.02235782062084E-05
Q06817	YPR081C	4.35917527625412E-07
P06197	YPR113W	1.07520633118156E-06
Q06489	YPR118W	1.2944604390184E-06
Q06490	YPR121W	1.45214607999999E-06
Q06494	YPR127W	2.7638240295741E-06
Q06508	YPR139C	4.92763403183032E-07
Q06510	YPR140W	5.4572344240138E-07
P49089	YPR145W	4.93451135678098E-06
P06738	YPR160W	2.89255767306753E-06
P18408	YPR167C	1.1583297249429E-06
P14020	YPR183W	1.78011544281205E-06
Q06625	YPR184W	5.73166402437492E-07
P07257	YPR191W	3.13502465282212E-06
